"gene","fdr28","fdr50","selected","Timepoint","logFC"
"MUTYH",0.00261964038396746,0.570679631199175,"Day28 only","iMN day 28",0.413362851277626
"MUTYH",0.00261964038396746,0.570679631199175,"Day28 only","iMN day 50",0.138653016435959
"C1orf194",0.0189405473298148,0.474152836309789,"Day28 only","iMN day 28",0.799667766190004
"C1orf194",0.0189405473298148,0.474152836309789,"Day28 only","iMN day 50",0.318350506436971
"ADORA3",0.0612711378208568,0.558562339937584,"Day28 only","iMN day 28",-1.52062803051925
"ADORA3",0.0612711378208568,0.558562339937584,"Day28 only","iMN day 50",-0.924065812404068
"SYT6",0.000669595572940958,0.579798864572467,"Day28 only","iMN day 28",0.911263865238862
"SYT6",0.000669595572940958,0.579798864572467,"Day28 only","iMN day 50",0.304650966154734
"RP11-267N12.1",0.00667119501179898,0.775410665187507,"Day28 only","iMN day 28",-3.39725823804486
"RP11-267N12.1",0.00667119501179898,0.775410665187507,"Day28 only","iMN day 50",0.84633800812746
"RNASEH1",0.0228429468569118,0.544921701850213,"Day28 only","iMN day 28",-0.20637662651202
"RNASEH1",0.0228429468569118,0.544921701850213,"Day28 only","iMN day 50",-0.0799787119153917
"GPAT2",0.0048553478037086,0.877420965335403,"Day28 only","iMN day 28",1.05546304388401
"GPAT2",0.0048553478037086,0.877420965335403,"Day28 only","iMN day 50",0.0956399992864292
"KYNU",0.0138992550921527,0.873956996026733,"Day28 only","iMN day 28",-2.13064829282021
"KYNU",0.0138992550921527,0.873956996026733,"Day28 only","iMN day 50",0.324687899981337
"ZNF619",0.000589921558514994,0.249944893282403,"Day28 only","iMN day 28",0.659032609143077
"ZNF619",0.000589921558514994,0.249944893282403,"Day28 only","iMN day 50",0.396915953707468
"RARRES2P1",0.00884147069219417,0.955082232398718,"Day28 only","iMN day 28",1.40300221967716
"RARRES2P1",0.00884147069219417,0.955082232398718,"Day28 only","iMN day 50",-0.0445401123724414
"PDCL3P4",7.29034653766e-05,0.0116794140914541,"Day28 only","iMN day 28",1.3922416480259
"PDCL3P4",7.29034653766e-05,0.0116794140914541,"Day28 only","iMN day 50",1.40186645937244
"STK32B",0.000667634787609611,0.269211544866479,"Day28 only","iMN day 28",-1.05651910118919
"STK32B",0.000667634787609611,0.269211544866479,"Day28 only","iMN day 50",-0.616798578963794
"CTD-2154I11.2",0.0191401730871044,0.660850453494099,"Day28 only","iMN day 28",1.25044419888966
"CTD-2154I11.2",0.0191401730871044,0.660850453494099,"Day28 only","iMN day 50",-0.275540681218367
"CTD-2281M20.1",0.0261154022559648,0.94702431087979,"Day28 only","iMN day 28",2.55575596856099
"CTD-2281M20.1",0.0261154022559648,0.94702431087979,"Day28 only","iMN day 50",0.0915504595171418
"PCDHGB4",0.000360697054617431,0.0724175419646636,"Day28 only","iMN day 28",1.9663946648837
"PCDHGB4",0.000360697054617431,0.0724175419646636,"Day28 only","iMN day 50",1.15364032638972
"PCDHGA8",0.000309937537153249,0.341455002112894,"Day28 only","iMN day 28",1.9401761868434
"PCDHGA8",0.000309937537153249,0.341455002112894,"Day28 only","iMN day 50",0.754054491886221
"SPINK5",1.71537729488419e-05,0.0624552000514148,"Day28 only","iMN day 28",2.431789579575
"SPINK5",1.71537729488419e-05,0.0624552000514148,"Day28 only","iMN day 50",1.53566501822129
"ZNF454",0.000239362718247163,0.0879630071303132,"Day28 only","iMN day 28",1.59210101410928
"ZNF454",0.000239362718247163,0.0879630071303132,"Day28 only","iMN day 50",0.807496859005243
"HLA-F-AS1",0.0108002789778197,0.203538139861207,"Day28 only","iMN day 28",1.83731467287197
"HLA-F-AS1",0.0108002789778197,0.203538139861207,"Day28 only","iMN day 50",1.06408126611946
"SAMD3",0.000769551178529948,0.478114621865319,"Day28 only","iMN day 28",-0.963463452476433
"SAMD3",0.000769551178529948,0.478114621865319,"Day28 only","iMN day 50",0.262507908225188
"ERV3-1",0.000190849560645617,0.15157377361813,"Day28 only","iMN day 28",0.738293832310196
"ERV3-1",0.000190849560645617,0.15157377361813,"Day28 only","iMN day 50",0.271594322460098
"PRKACG",0.0802278750104645,0.755262620245625,"Day28 only","iMN day 28",-2.67692022246021
"PRKACG",0.0802278750104645,0.755262620245625,"Day28 only","iMN day 50",-0.805769097605477
"RP11-108K14.4",7.46328361334315e-05,0.942077456522922,"Day28 only","iMN day 28",1.35622269669742
"RP11-108K14.4",7.46328361334315e-05,0.942077456522922,"Day28 only","iMN day 50",0.044104839451696
"CYP2E1",1.79098661998388e-05,0.345817954332475,"Day28 only","iMN day 28",1.82316363376028
"CYP2E1",1.79098661998388e-05,0.345817954332475,"Day28 only","iMN day 50",0.558918256160938
"RP11-428C19.5",0.013726811266952,0.789855259036441,"Day28 only","iMN day 28",2.33758392326244
"RP11-428C19.5",0.013726811266952,0.789855259036441,"Day28 only","iMN day 50",0.329809028001367
"DLG2",0.0251228967510662,0.713881890802438,"Day28 only","iMN day 28",-0.478709120318889
"DLG2",0.0251228967510662,0.713881890802438,"Day28 only","iMN day 50",0.161410244536896
"APLP2",0.000269683492719074,0.949303296604578,"Day28 only","iMN day 28",-0.305187363400024
"APLP2",0.000269683492719074,0.949303296604578,"Day28 only","iMN day 50",-0.0129416126288477
"ACACB",0.0113420325567355,0.958762825884258,"Day28 only","iMN day 28",0.770232136712727
"ACACB",0.0113420325567355,0.958762825884258,"Day28 only","iMN day 50",-0.0505310259166475
"STXBP6",0.00205384398107035,0.0301256031747686,"Day28 only","iMN day 28",1.36580201021814
"STXBP6",0.00205384398107035,0.0301256031747686,"Day28 only","iMN day 50",1.77193727586288
"CTD-3006G17.2",0.0042060012466145,0.110654920877438,"Day28 only","iMN day 28",1.64504830759295
"CTD-3006G17.2",0.0042060012466145,0.110654920877438,"Day28 only","iMN day 50",1.10191863910144
"RP11-507K2.3",0.00183746483154863,0.228014923025457,"Day28 only","iMN day 28",1.50648005899846
"RP11-507K2.3",0.00183746483154863,0.228014923025457,"Day28 only","iMN day 50",0.79005721339357
"ETFA",0.000269683492719074,0.267225449070899,"Day28 only","iMN day 28",-0.297589918092788
"ETFA",0.000269683492719074,0.267225449070899,"Day28 only","iMN day 50",-0.137221849732905
"RP11-473M20.14",0.00546076747666887,0.33040305483149,"Day28 only","iMN day 28",0.297398144492391
"RP11-473M20.14",0.00546076747666887,0.33040305483149,"Day28 only","iMN day 50",0.179247081579509
"RP11-473I1.10",0.00166750986927747,0.393296865457394,"Day28 only","iMN day 28",-0.38691607154714
"RP11-473I1.10",0.00166750986927747,0.393296865457394,"Day28 only","iMN day 50",-0.167153842031754
"LINC00672",0.000190849560645617,0.00156020577117613,"Both","iMN day 28",-1.21525263019818
"LINC00672",0.000190849560645617,0.00156020577117613,"Both","iMN day 50",-1.24776959013462
"MIR4737",0.0257385380315755,0.709037289339657,"Day28 only","iMN day 28",0.597071023322619
"MIR4737",0.0257385380315755,0.709037289339657,"Day28 only","iMN day 50",0.189087865163998
"AC139099.3",9.30353320820529e-06,0.00127006705064878,"Both","iMN day 28",-2.03077192498086
"AC139099.3",9.30353320820529e-06,0.00127006705064878,"Both","iMN day 50",-1.61428174021721
"ARHGAP28",0.00169819143393412,0.876899759212183,"Day28 only","iMN day 28",0.883926625470887
"ARHGAP28",0.00169819143393412,0.876899759212183,"Day28 only","iMN day 50",-0.0956972090176132
"SLC14A1",0.00909025282471596,0.915888146197245,"Day28 only","iMN day 28",2.12248378955769
"SLC14A1",0.00909025282471596,0.915888146197245,"Day28 only","iMN day 50",-0.177931376431866
"FECH",0.0195542551825363,0.226158108746555,"Day28 only","iMN day 28",-0.216948965331962
"FECH",0.0195542551825363,0.226158108746555,"Day28 only","iMN day 50",-0.126301800741845
